Source,SS,DF,F,p_unc,np2
Group,1706.5180110910762,1,337.32259492987936,7.295267279524234e-30,0.8141544754202179
IMMS_Pre,694.2063144329868,1,137.22180128150148,8.76220482993544e-19,0.6405594596844186
Residual,389.54368556701024,77,,,
