T,dof,alternative,p_val,CI95,cohen_d,power,BF10
18.247688848729936,78,two-sided,7.107200524029051e-30,[10.89 13.56],4.080307269802501,1.0,2.419e+26
